Ei,Ef,deltaE,weight
-0.35981434008106,-0.360272596760696,-0.00045825667963606,1.00170242025005
-0.404199963039838,-0.403426664823502,0.000773298216335483,1.00214644817474
-0.361167103969462,-0.359821580451537,0.0013455235179255,1.00172098066985
-0.383013121216194,-0.383102785585854,-8.96643696598476e-05,1.00193390963206
-0.369923735213733,-0.36917151280105,0.000752222412682746,1.00180168352477
-0.379228644991316,-0.378826447675788,0.000402197315527708,1.00188962658594
-0.393294286686598,-0.392848501346478,0.000445785340120686,1.00203227849472
-0.394476017084174,-0.394130135297702,0.000345881786471713,1.00205703091285
-0.398417423973911,-0.398983593416019,-0.000566169442107911,1.00208268338146
-0.406902711098812,-0.406325182724905,0.000577528373907288,1.00217054624316