Ei,Ef,deltaE,weight
-0.35981434008106,-0.35924123728941,0.000573102791649849,1.00170242025005
-0.404199963039838,-0.403412845666066,0.000787117373772239,1.00214644817474
-0.361167103969462,-0.362041432887268,-0.000874328917805312,1.00172098066985
-0.383013121216194,-0.382004493981064,0.00100862723513062,1.00193390963206
-0.369923735213733,-0.369010184405282,0.00091355080845068,1.00180168352477
-0.379228644991316,-0.378379483668168,0.000849161323148162,1.00188962658594
-0.393294286686598,-0.391974310981126,0.00131997570547243,1.00203227849472
-0.394476017084174,-0.393199529814075,0.0012764872700991,1.00205703091285
-0.398417423973911,-0.397907899057095,0.000509524916816051,1.00208268338146
-0.406902711098812,-0.40511583526504,0.00178687583377252,1.00217054624316