Ei,Ef,deltaE,weight
-0.35981434008106,-0.359578473151891,0.000235866929168993,1.00170242025005
-0.404199963039838,-0.403308634931117,0.000891328108720779,1.00214644817474
-0.361167103969462,-0.358252750225218,0.00291435374424415,1.00172098066985
-0.383013121216194,-0.383053328282042,-4.02070658475084e-05,1.00193390963206
-0.369923735213733,-0.367777982783586,0.00214575243014725,1.00180168352477
-0.379228644991316,-0.377469306149939,0.00175933884137741,1.00188962658594
-0.393294286686598,-0.393102672549523,0.000191614137075413,1.00203227849472
-0.394476017084174,-0.392646954818161,0.00182906226601315,1.00205703091285
-0.398417423973911,-0.397863425433497,0.000553998540413492,1.00208268338146
-0.406902711098812,-0.404751806854554,0.00215090424425862,1.00217054624316