Ei,Ef,deltaE,weight
-0.35981434008106,-0.359044997669849,0.000769342411210794,1.00170242025005
-0.404199963039838,-0.403992969781342,0.000206993258495325,1.00214644817474
-0.361167103969462,-0.359573665877832,0.00159343809162993,1.00172098066985
-0.383013121216194,-0.381807992459081,0.00120512875711309,1.00193390963206
-0.369923735213733,-0.370358825458832,-0.000435090245098857,1.00180168352477
-0.379228644991316,-0.378045623613749,0.00118302137756693,1.00188962658594
-0.393294286686598,-0.392304136545923,0.000990150140674995,1.00203227849472
-0.394476017084174,-0.393914871443308,0.000561145640865679,1.00205703091285
-0.398417423973911,-0.398040247063409,0.000377176910501709,1.00208268338146
-0.406902711098812,-0.406702038256694,0.000200672842118221,1.00217054624316