Ei,Ef,deltaE,weight
-0.4016292740382,-0.398893656409085,0.00273561762911528,1.0019000636904
-0.44986090411267,-0.444950740392304,0.00491016372036607,1.00238865344395
-0.407542160306264,-0.405981461509058,0.00156069879720583,1.00196250482295
-0.433719001004099,-0.430728625383746,0.00299037562035342,1.00222849496482
-0.415570428476193,-0.414349598687215,0.00122082978897803,1.00203695573979
-0.419123978663659,-0.417459345096149,0.0016646335675099,1.00206926327187
-0.433256607863421,-0.429127392878813,0.00412921498460778,1.00221208485015
-0.442584903536144,-0.438783123290329,0.00380178024581462,1.00232187429673
-0.446356629430522,-0.445732874483803,0.000623754946719179,1.00234404074485
-0.44842928916137,-0.446524112959678,0.00190517620169212,1.00236930856536